{"cameraMode":{"drawMode":0,"name":"Shaded","section":"Shading Mode"},"sceneLighting":true,"audioPlay":false,"sceneViewState":{"m_AlwaysRefresh":false,"showFog":true,"showSkybox":true,"showFlares":true,"showImageEffects":true,"showParticleSystems":true,"showVisualEffectGraphs":true,"m_FxEnabled":true},"in2DMode":false,"pivot":{"x":1.5852065086364747,"y":4.354456424713135,"z":-10.016571044921875},"rotation":{"x":-0.0026900912635028364,"y":-0.01650381088256836,"z":-0.000044337048166198656,"w":0.9998623132705689},"size":2.4037017822265627,"orthographic":false}