{"cameraMode":{"drawMode":0,"name":"Shaded","section":"Shading Mode"},"sceneLighting":true,"audioPlay":false,"sceneViewState":{"m_AlwaysRefresh":false,"showFog":true,"showSkybox":true,"showFlares":true,"showImageEffects":true,"showParticleSystems":true,"showVisualEffectGraphs":true,"m_FxEnabled":true},"in2DMode":false,"pivot":{"x":-0.023908495903015138,"y":0.10736966133117676,"z":0.02875639498233795},"rotation":{"x":-0.054924823343753818,"y":0.9232395887374878,"z":-0.14407853782176972,"w":-0.3519429862499237},"size":14.849133491516114,"orthographic":false}