{"cameraMode":{"drawMode":0,"name":"Shaded","section":"Shading Mode"},"sceneLighting":true,"audioPlay":false,"sceneViewState":{"m_AlwaysRefresh":false,"showFog":true,"showSkybox":true,"showFlares":true,"showImageEffects":true,"showParticleSystems":true,"showVisualEffectGraphs":true,"m_FxEnabled":false},"in2DMode":false,"pivot":{"x":0.5705757141113281,"y":0.3113288879394531,"z":2.919879913330078},"rotation":{"x":-0.35861319303512576,"y":0.15630033612251283,"z":-0.06105151027441025,"w":-0.9182955026626587},"size":11.872295379638672,"orthographic":false}