{"cameraMode":{"drawMode":0,"name":"Shaded","section":"Shading Mode"},"sceneLighting":true,"audioPlay":false,"sceneViewState":{"m_AlwaysRefresh":false,"showFog":true,"showSkybox":true,"showFlares":true,"showImageEffects":true,"showParticleSystems":true,"showVisualEffectGraphs":true,"m_FxEnabled":true},"in2DMode":false,"pivot":{"x":1.9021577835083008,"y":-1.057293176651001,"z":-0.3967008590698242},"rotation":{"x":0.062248051166534427,"y":0.9173270463943481,"z":-0.15870323777198792,"w":0.35981497168540957},"size":5.435764312744141,"orthographic":false}