{"cameraMode":{"drawMode":0,"name":"Shaded","section":"Shading Mode"},"sceneLighting":true,"audioPlay":false,"sceneViewState":{"m_AlwaysRefresh":false,"showFog":true,"showSkybox":true,"showFlares":true,"showImageEffects":true,"showParticleSystems":true,"showVisualEffectGraphs":true,"m_FxEnabled":true},"in2DMode":false,"pivot":{"x":-20.05763053894043,"y":-3.510610580444336,"z":-16.52305030822754},"rotation":{"x":0.37445130944252016,"y":0.06806131452322006,"z":-0.027571838349103929,"w":0.9243355989456177},"size":20.781299591064454,"orthographic":false}